<?xml version="1.0" encoding="UTF-8"?>
<beans xmlns="http://www.springframework.org/schema/beans"
	xmlns:xsi="http://www.w3.org/2001/XMLSchema-instance" xmlns:context="http://www.springframework.org/schema/context"
	xmlns:util="http://www.springframework.org/schema/util" xmlns:tx="http://www.springframework.org/schema/tx"
	xmlns:aop="http://www.springframework.org/schema/aop"
	xsi:schemaLocation="http://www.springframework.org/schema/beans http://www.springframework.org/schema/beans/spring-beans-3.0.xsd
	http://www.springframework.org/schema/context http://www.springframework.org/schema/context/spring-context-3.0.xsd
	http://www.springframework.org/schema/tx http://www.springframework.org/schema/tx/spring-tx-3.0.xsd
	http://www.springframework.org/schema/aop http://www.springframework.org/schema/aop/spring-aop-3.0.xsd
	http://www.springframework.org/schema/util http://www.springframework.org/schema/util/spring-util-3.0.xsd"
	default-autowire="byName" default-destroy-method="destroy">

	<bean id="propertyConfigurer" class="com.er.dbtool.common.PropertyPlaceholderRecorder">
		<property name="locations">
			<list>
				<value>classpath:app.properties</value>
			</list>
		</property>
		<property name="ignoreResourceNotFound" value="true"></property>
		<property name="systemPropertiesMode" value="0" />
	</bean>

	<bean id="targetDataSource" class="org.apache.commons.dbcp.BasicDataSource"
		destroy-method="close">
		<property name="driverClassName" value="oracle.jdbc.driver.OracleDriver" />
		<property name="url" value="jdbc:oracle:thin:@122.226.240.160:1521:orcl" />
		<property name="username" value="nlq" />
		<property name="password" value="nlq" />
		<property name="initialSize" value="1" />
		<property name="maxActive" value="20" />
		<property name="maxIdle" value="5" />
		<property name="maxWait" value="10000" />
		<property name="defaultAutoCommit" value="true" />
		<property name="validationQuery" value="select 1 from dual" />
		<property name="testOnBorrow" value="true" />
		<property name="poolPreparedStatements">
			<value>true</value>
		</property>
	</bean>

	<bean id="sourceDataSource" class="org.apache.commons.dbcp.BasicDataSource"
		destroy-method="close">
		<property name="driverClassName" value="com.mysql.jdbc.Driver" />
		<property name="url" value="jdbc:mysql://222.73.115.174:3306/search_co?useUnicode=true&amp;characterEncoding=UTF-8" />
		<property name="username" value="search_co" />
		<property name="password" value="search_co" />
		<property name="initialSize" value="1" />
		<property name="maxActive" value="20" />
		<property name="maxIdle" value="5" />
		<property name="maxWait" value="10000" />
		<property name="defaultAutoCommit" value="true" />
		<property name="validationQuery" value="select 1" />
		<property name="testOnBorrow" value="true" />
		<property name="poolPreparedStatements">
			<value>true</value>
		</property>
	</bean>

	<bean id="jdbcTemplateSource" class="org.springframework.jdbc.core.JdbcTemplate">
		<property name="dataSource" ref="sourceDataSource"></property>
	</bean>
	
	<bean id="jdbcTemplateTarget" class="org.springframework.jdbc.core.JdbcTemplate">
		<property name="dataSource" ref="targetDataSource"></property>
	</bean>

</beans>
